Region,Business,Checking,Loan,Savings
East,3.1561719144962095,2.0572797546670842,2.466263852948916,1.3836306079172889
North,-5.850349830844468,1.614180126038802,15.073391319822557,2.0045944455037548
South,1.5354198721382375,2.1100367909433886,1.4882710580058438,2.34122974015796
West,1.9759282322114293,2.099949299175988,1.3605519700126145,2.517281410929087
