Region,Business,Checking,Loan,Savings
East,0.000812463226910506,0.0008134575665544149,0.000818864479357674,0.000821529420233084
North,0.0013605296206109984,0.000885522487190307,0.000733642232876755,0.0008918686434771481
South,0.0008283613257890627,0.0008563225220498755,0.0007073742880588269,0.0005770111368314107
West,0.0008420804605872228,0.0007645312085372501,0.0008903863202529344,0.0010063355984369913
