Region,Business,Checking,Loan,Savings
East,19868.66331738437,19563.528434925865,20670.947968,20471.719090909093
North,19213.919885433716,18814.301893939395,19815.318080645164,19393.30111464968
South,20748.177150084317,20580.428956228956,19778.11008064516,20186.713488
West,20538.263622291022,19963.630576,20517.97146226415,19944.301289355324
